address,opcode_bin,mnemonic,step,Z,C,signals,rom1_hex,rom2_hex,rom3_hex
0,0000,NOP,0,0,0,IROM_OUT+IR_IN+PC_INC,49,00,00
1,0000,NOP,0,0,1,IROM_OUT+IR_IN+PC_INC,49,00,00
2,0000,NOP,0,1,0,IROM_OUT+IR_IN+PC_INC,49,00,00
3,0000,NOP,0,1,1,IROM_OUT+IR_IN+PC_INC,49,00,00
4,0000,NOP,1,0,0,(none),00,00,00
5,0000,NOP,1,0,1,(none),00,00,00
6,0000,NOP,1,1,0,(none),00,00,00
7,0000,NOP,1,1,1,(none),00,00,00
8,0000,NOP,2,0,0,(none),00,00,00
9,0000,NOP,2,0,1,(none),00,00,00
10,0000,NOP,2,1,0,(none),00,00,00
11,0000,NOP,2,1,1,(none),00,00,00
12,0000,NOP,3,0,0,(none),00,00,00
13,0000,NOP,3,0,1,(none),00,00,00
14,0000,NOP,3,1,0,(none),00,00,00
15,0000,NOP,3,1,1,(none),00,00,00
16,0000,NOP,4,0,0,(none),00,00,00
17,0000,NOP,4,0,1,(none),00,00,00
18,0000,NOP,4,1,0,(none),00,00,00
19,0000,NOP,4,1,1,(none),00,00,00
20,0000,NOP,5,0,0,(none),00,00,00
21,0000,NOP,5,0,1,(none),00,00,00
22,0000,NOP,5,1,0,(none),00,00,00
23,0000,NOP,5,1,1,(none),00,00,00
24,0000,NOP,6,0,0,(none),00,00,00
25,0000,NOP,6,0,1,(none),00,00,00
26,0000,NOP,6,1,0,(none),00,00,00
27,0000,NOP,6,1,1,(none),00,00,00
28,0000,NOP,7,0,0,(none),00,00,00
29,0000,NOP,7,0,1,(none),00,00,00
30,0000,NOP,7,1,0,(none),00,00,00
31,0000,NOP,7,1,1,(none),00,00,00
32,0001,LOAD,0,0,0,IROM_OUT+IR_IN+PC_INC,49,00,00
33,0001,LOAD,0,0,1,IROM_OUT+IR_IN+PC_INC,49,00,00
34,0001,LOAD,0,1,0,IROM_OUT+IR_IN+PC_INC,49,00,00
35,0001,LOAD,0,1,1,IROM_OUT+IR_IN+PC_INC,49,00,00
36,0001,LOAD,1,0,0,IROM_OUT+MAR_LOW_IN+PC_INC,51,00,00
37,0001,LOAD,1,0,1,IROM_OUT+MAR_LOW_IN+PC_INC,51,00,00
38,0001,LOAD,1,1,0,IROM_OUT+MAR_LOW_IN+PC_INC,51,00,00
39,0001,LOAD,1,1,1,IROM_OUT+MAR_LOW_IN+PC_INC,51,00,00
40,0001,LOAD,2,0,0,IROM_OUT+MAR_HIGH_IN+PC_INC,61,00,00
41,0001,LOAD,2,0,1,IROM_OUT+MAR_HIGH_IN+PC_INC,61,00,00
42,0001,LOAD,2,1,0,IROM_OUT+MAR_HIGH_IN+PC_INC,61,00,00
43,0001,LOAD,2,1,1,IROM_OUT+MAR_HIGH_IN+PC_INC,61,00,00
44,0001,LOAD,3,0,0,RAM_OUT+REG_IN,02,02,00
45,0001,LOAD,3,0,1,RAM_OUT+REG_IN,02,02,00
46,0001,LOAD,3,1,0,RAM_OUT+REG_IN,02,02,00
47,0001,LOAD,3,1,1,RAM_OUT+REG_IN,02,02,00
48,0001,LOAD,4,0,0,(none),00,00,00
49,0001,LOAD,4,0,1,(none),00,00,00
50,0001,LOAD,4,1,0,(none),00,00,00
51,0001,LOAD,4,1,1,(none),00,00,00
52,0001,LOAD,5,0,0,(none),00,00,00
53,0001,LOAD,5,0,1,(none),00,00,00
54,0001,LOAD,5,1,0,(none),00,00,00
55,0001,LOAD,5,1,1,(none),00,00,00
56,0001,LOAD,6,0,0,(none),00,00,00
57,0001,LOAD,6,0,1,(none),00,00,00
58,0001,LOAD,6,1,0,(none),00,00,00
59,0001,LOAD,6,1,1,(none),00,00,00
60,0001,LOAD,7,0,0,(none),00,00,00
61,0001,LOAD,7,0,1,(none),00,00,00
62,0001,LOAD,7,1,0,(none),00,00,00
63,0001,LOAD,7,1,1,(none),00,00,00
64,0010,STORE,0,0,0,IROM_OUT+IR_IN+PC_INC,49,00,00
65,0010,STORE,0,0,1,IROM_OUT+IR_IN+PC_INC,49,00,00
66,0010,STORE,0,1,0,IROM_OUT+IR_IN+PC_INC,49,00,00
67,0010,STORE,0,1,1,IROM_OUT+IR_IN+PC_INC,49,00,00
68,0010,STORE,1,0,0,IROM_OUT+MAR_LOW_IN+PC_INC,51,00,00
69,0010,STORE,1,0,1,IROM_OUT+MAR_LOW_IN+PC_INC,51,00,00
70,0010,STORE,1,1,0,IROM_OUT+MAR_LOW_IN+PC_INC,51,00,00
71,0010,STORE,1,1,1,IROM_OUT+MAR_LOW_IN+PC_INC,51,00,00
72,0010,STORE,2,0,0,IROM_OUT+MAR_HIGH_IN+PC_INC,61,00,00
73,0010,STORE,2,0,1,IROM_OUT+MAR_HIGH_IN+PC_INC,61,00,00
74,0010,STORE,2,1,0,IROM_OUT+MAR_HIGH_IN+PC_INC,61,00,00
75,0010,STORE,2,1,1,IROM_OUT+MAR_HIGH_IN+PC_INC,61,00,00
76,0010,STORE,3,0,0,REG_OUT+RAM_IN,04,04,00
77,0010,STORE,3,0,1,REG_OUT+RAM_IN,04,04,00
78,0010,STORE,3,1,0,REG_OUT+RAM_IN,04,04,00
79,0010,STORE,3,1,1,REG_OUT+RAM_IN,04,04,00
80,0010,STORE,4,0,0,(none),00,00,00
81,0010,STORE,4,0,1,(none),00,00,00
82,0010,STORE,4,1,0,(none),00,00,00
83,0010,STORE,4,1,1,(none),00,00,00
84,0010,STORE,5,0,0,(none),00,00,00
85,0010,STORE,5,0,1,(none),00,00,00
86,0010,STORE,5,1,0,(none),00,00,00
87,0010,STORE,5,1,1,(none),00,00,00
88,0010,STORE,6,0,0,(none),00,00,00
89,0010,STORE,6,0,1,(none),00,00,00
90,0010,STORE,6,1,0,(none),00,00,00
91,0010,STORE,6,1,1,(none),00,00,00
92,0010,STORE,7,0,0,(none),00,00,00
93,0010,STORE,7,0,1,(none),00,00,00
94,0010,STORE,7,1,0,(none),00,00,00
95,0010,STORE,7,1,1,(none),00,00,00
96,0011,ADD,0,0,0,IROM_OUT+IR_IN+PC_INC,49,00,00
97,0011,ADD,0,0,1,IROM_OUT+IR_IN+PC_INC,49,00,00
98,0011,ADD,0,1,0,IROM_OUT+IR_IN+PC_INC,49,00,00
99,0011,ADD,0,1,1,IROM_OUT+IR_IN+PC_INC,49,00,00
100,0011,ADD,1,0,0,REG_OUT+A_IN,00,0C,00
101,0011,ADD,1,0,1,REG_OUT+A_IN,00,0C,00
102,0011,ADD,1,1,0,REG_OUT+A_IN,00,0C,00
103,0011,ADD,1,1,1,REG_OUT+A_IN,00,0C,00
104,0011,ADD,2,0,0,RS_SEL+REG_OUT+TEMP_IN,00,15,00
105,0011,ADD,2,0,1,RS_SEL+REG_OUT+TEMP_IN,00,15,00
106,0011,ADD,2,1,0,RS_SEL+REG_OUT+TEMP_IN,00,15,00
107,0011,ADD,2,1,1,RS_SEL+REG_OUT+TEMP_IN,00,15,00
108,0011,ADD,3,0,0,EO+REG_IN+FI_ZN+FI_C,00,02,07
109,0011,ADD,3,0,1,EO+REG_IN+FI_ZN+FI_C,00,02,07
110,0011,ADD,3,1,0,EO+REG_IN+FI_ZN+FI_C,00,02,07
111,0011,ADD,3,1,1,EO+REG_IN+FI_ZN+FI_C,00,02,07
112,0011,ADD,4,0,0,(none),00,00,00
113,0011,ADD,4,0,1,(none),00,00,00
114,0011,ADD,4,1,0,(none),00,00,00
115,0011,ADD,4,1,1,(none),00,00,00
116,0011,ADD,5,0,0,(none),00,00,00
117,0011,ADD,5,0,1,(none),00,00,00
118,0011,ADD,5,1,0,(none),00,00,00
119,0011,ADD,5,1,1,(none),00,00,00
120,0011,ADD,6,0,0,(none),00,00,00
121,0011,ADD,6,0,1,(none),00,00,00
122,0011,ADD,6,1,0,(none),00,00,00
123,0011,ADD,6,1,1,(none),00,00,00
124,0011,ADD,7,0,0,(none),00,00,00
125,0011,ADD,7,0,1,(none),00,00,00
126,0011,ADD,7,1,0,(none),00,00,00
127,0011,ADD,7,1,1,(none),00,00,00
128,0100,SUB,0,0,0,IROM_OUT+IR_IN+PC_INC,49,00,00
129,0100,SUB,0,0,1,IROM_OUT+IR_IN+PC_INC,49,00,00
130,0100,SUB,0,1,0,IROM_OUT+IR_IN+PC_INC,49,00,00
131,0100,SUB,0,1,1,IROM_OUT+IR_IN+PC_INC,49,00,00
132,0100,SUB,1,0,0,REG_OUT+A_IN,00,0C,00
133,0100,SUB,1,0,1,REG_OUT+A_IN,00,0C,00
134,0100,SUB,1,1,0,REG_OUT+A_IN,00,0C,00
135,0100,SUB,1,1,1,REG_OUT+A_IN,00,0C,00
136,0100,SUB,2,0,0,RS_SEL+REG_OUT+TEMP_IN,00,15,00
137,0100,SUB,2,0,1,RS_SEL+REG_OUT+TEMP_IN,00,15,00
138,0100,SUB,2,1,0,RS_SEL+REG_OUT+TEMP_IN,00,15,00
139,0100,SUB,2,1,1,RS_SEL+REG_OUT+TEMP_IN,00,15,00
140,0100,SUB,3,0,0,EO+REG_IN+FI_ZN+FI_C+SU,00,82,07
141,0100,SUB,3,0,1,EO+REG_IN+FI_ZN+FI_C+SU,00,82,07
142,0100,SUB,3,1,0,EO+REG_IN+FI_ZN+FI_C+SU,00,82,07
143,0100,SUB,3,1,1,EO+REG_IN+FI_ZN+FI_C+SU,00,82,07
144,0100,SUB,4,0,0,(none),00,00,00
145,0100,SUB,4,0,1,(none),00,00,00
146,0100,SUB,4,1,0,(none),00,00,00
147,0100,SUB,4,1,1,(none),00,00,00
148,0100,SUB,5,0,0,(none),00,00,00
149,0100,SUB,5,0,1,(none),00,00,00
150,0100,SUB,5,1,0,(none),00,00,00
151,0100,SUB,5,1,1,(none),00,00,00
152,0100,SUB,6,0,0,(none),00,00,00
153,0100,SUB,6,0,1,(none),00,00,00
154,0100,SUB,6,1,0,(none),00,00,00
155,0100,SUB,6,1,1,(none),00,00,00
156,0100,SUB,7,0,0,(none),00,00,00
157,0100,SUB,7,0,1,(none),00,00,00
158,0100,SUB,7,1,0,(none),00,00,00
159,0100,SUB,7,1,1,(none),00,00,00
160,0101,JMP,0,0,0,IROM_OUT+IR_IN+PC_INC,49,00,00
161,0101,JMP,0,0,1,IROM_OUT+IR_IN+PC_INC,49,00,00
162,0101,JMP,0,1,0,IROM_OUT+IR_IN+PC_INC,49,00,00
163,0101,JMP,0,1,1,IROM_OUT+IR_IN+PC_INC,49,00,00
164,0101,JMP,1,0,0,IROM_OUT+MAR_LOW_IN+PC_INC,51,00,00
165,0101,JMP,1,0,1,IROM_OUT+MAR_LOW_IN+PC_INC,51,00,00
166,0101,JMP,1,1,0,IROM_OUT+MAR_LOW_IN+PC_INC,51,00,00
167,0101,JMP,1,1,1,IROM_OUT+MAR_LOW_IN+PC_INC,51,00,00
168,0101,JMP,2,0,0,IROM_OUT+MAR_HIGH_IN+PC_INC,61,00,00
169,0101,JMP,2,0,1,IROM_OUT+MAR_HIGH_IN+PC_INC,61,00,00
170,0101,JMP,2,1,0,IROM_OUT+MAR_HIGH_IN+PC_INC,61,00,00
171,0101,JMP,2,1,1,IROM_OUT+MAR_HIGH_IN+PC_INC,61,00,00
172,0101,JMP,3,0,0,PC_LOAD,80,00,00
173,0101,JMP,3,0,1,PC_LOAD,80,00,00
174,0101,JMP,3,1,0,PC_LOAD,80,00,00
175,0101,JMP,3,1,1,PC_LOAD,80,00,00
176,0101,JMP,4,0,0,(none),00,00,00
177,0101,JMP,4,0,1,(none),00,00,00
178,0101,JMP,4,1,0,(none),00,00,00
179,0101,JMP,4,1,1,(none),00,00,00
180,0101,JMP,5,0,0,(none),00,00,00
181,0101,JMP,5,0,1,(none),00,00,00
182,0101,JMP,5,1,0,(none),00,00,00
183,0101,JMP,5,1,1,(none),00,00,00
184,0101,JMP,6,0,0,(none),00,00,00
185,0101,JMP,6,0,1,(none),00,00,00
186,0101,JMP,6,1,0,(none),00,00,00
187,0101,JMP,6,1,1,(none),00,00,00
188,0101,JMP,7,0,0,(none),00,00,00
189,0101,JMP,7,0,1,(none),00,00,00
190,0101,JMP,7,1,0,(none),00,00,00
191,0101,JMP,7,1,1,(none),00,00,00
192,0110,JZ,0,0,0,IROM_OUT+IR_IN+PC_INC,49,00,00
193,0110,JZ,0,0,1,IROM_OUT+IR_IN+PC_INC,49,00,00
194,0110,JZ,0,1,0,IROM_OUT+IR_IN+PC_INC,49,00,00
195,0110,JZ,0,1,1,IROM_OUT+IR_IN+PC_INC,49,00,00
196,0110,JZ,1,0,0,IROM_OUT+MAR_LOW_IN+PC_INC,51,00,00
197,0110,JZ,1,0,1,IROM_OUT+MAR_LOW_IN+PC_INC,51,00,00
198,0110,JZ,1,1,0,IROM_OUT+MAR_LOW_IN+PC_INC,51,00,00
199,0110,JZ,1,1,1,IROM_OUT+MAR_LOW_IN+PC_INC,51,00,00
200,0110,JZ,2,0,0,IROM_OUT+MAR_HIGH_IN+PC_INC,61,00,00
201,0110,JZ,2,0,1,IROM_OUT+MAR_HIGH_IN+PC_INC,61,00,00
202,0110,JZ,2,1,0,IROM_OUT+MAR_HIGH_IN+PC_INC,61,00,00
203,0110,JZ,2,1,1,IROM_OUT+MAR_HIGH_IN+PC_INC,61,00,00
204,0110,JZ,3,0,0,(none),00,00,00
205,0110,JZ,3,0,1,(none),00,00,00
206,0110,JZ,3,1,0,PC_LOAD,80,00,00
207,0110,JZ,3,1,1,PC_LOAD,80,00,00
208,0110,JZ,4,0,0,(none),00,00,00
209,0110,JZ,4,0,1,(none),00,00,00
210,0110,JZ,4,1,0,(none),00,00,00
211,0110,JZ,4,1,1,(none),00,00,00
212,0110,JZ,5,0,0,(none),00,00,00
213,0110,JZ,5,0,1,(none),00,00,00
214,0110,JZ,5,1,0,(none),00,00,00
215,0110,JZ,5,1,1,(none),00,00,00
216,0110,JZ,6,0,0,(none),00,00,00
217,0110,JZ,6,0,1,(none),00,00,00
218,0110,JZ,6,1,0,(none),00,00,00
219,0110,JZ,6,1,1,(none),00,00,00
220,0110,JZ,7,0,0,(none),00,00,00
221,0110,JZ,7,0,1,(none),00,00,00
222,0110,JZ,7,1,0,(none),00,00,00
223,0110,JZ,7,1,1,(none),00,00,00
224,0111,JC,0,0,0,IROM_OUT+IR_IN+PC_INC,49,00,00
225,0111,JC,0,0,1,IROM_OUT+IR_IN+PC_INC,49,00,00
226,0111,JC,0,1,0,IROM_OUT+IR_IN+PC_INC,49,00,00
227,0111,JC,0,1,1,IROM_OUT+IR_IN+PC_INC,49,00,00
228,0111,JC,1,0,0,IROM_OUT+MAR_LOW_IN+PC_INC,51,00,00
229,0111,JC,1,0,1,IROM_OUT+MAR_LOW_IN+PC_INC,51,00,00
230,0111,JC,1,1,0,IROM_OUT+MAR_LOW_IN+PC_INC,51,00,00
231,0111,JC,1,1,1,IROM_OUT+MAR_LOW_IN+PC_INC,51,00,00
232,0111,JC,2,0,0,IROM_OUT+MAR_HIGH_IN+PC_INC,61,00,00
233,0111,JC,2,0,1,IROM_OUT+MAR_HIGH_IN+PC_INC,61,00,00
234,0111,JC,2,1,0,IROM_OUT+MAR_HIGH_IN+PC_INC,61,00,00
235,0111,JC,2,1,1,IROM_OUT+MAR_HIGH_IN+PC_INC,61,00,00
236,0111,JC,3,0,0,(none),00,00,00
237,0111,JC,3,0,1,PC_LOAD,80,00,00
238,0111,JC,3,1,0,(none),00,00,00
239,0111,JC,3,1,1,PC_LOAD,80,00,00
240,0111,JC,4,0,0,(none),00,00,00
241,0111,JC,4,0,1,(none),00,00,00
242,0111,JC,4,1,0,(none),00,00,00
243,0111,JC,4,1,1,(none),00,00,00
244,0111,JC,5,0,0,(none),00,00,00
245,0111,JC,5,0,1,(none),00,00,00
246,0111,JC,5,1,0,(none),00,00,00
247,0111,JC,5,1,1,(none),00,00,00
248,0111,JC,6,0,0,(none),00,00,00
249,0111,JC,6,0,1,(none),00,00,00
250,0111,JC,6,1,0,(none),00,00,00
251,0111,JC,6,1,1,(none),00,00,00
252,0111,JC,7,0,0,(none),00,00,00
253,0111,JC,7,0,1,(none),00,00,00
254,0111,JC,7,1,0,(none),00,00,00
255,0111,JC,7,1,1,(none),00,00,00
256,1000,MOV,0,0,0,IROM_OUT+IR_IN+PC_INC,49,00,00
257,1000,MOV,0,0,1,IROM_OUT+IR_IN+PC_INC,49,00,00
258,1000,MOV,0,1,0,IROM_OUT+IR_IN+PC_INC,49,00,00
259,1000,MOV,0,1,1,IROM_OUT+IR_IN+PC_INC,49,00,00
260,1000,MOV,1,0,0,RS_SEL+REG_OUT+TEMP_IN,00,15,00
261,1000,MOV,1,0,1,RS_SEL+REG_OUT+TEMP_IN,00,15,00
262,1000,MOV,1,1,0,RS_SEL+REG_OUT+TEMP_IN,00,15,00
263,1000,MOV,1,1,1,RS_SEL+REG_OUT+TEMP_IN,00,15,00
264,1000,MOV,2,0,0,EO+REG_IN+ALU_SEL0+ALU_SEL1,00,62,01
265,1000,MOV,2,0,1,EO+REG_IN+ALU_SEL0+ALU_SEL1,00,62,01
266,1000,MOV,2,1,0,EO+REG_IN+ALU_SEL0+ALU_SEL1,00,62,01
267,1000,MOV,2,1,1,EO+REG_IN+ALU_SEL0+ALU_SEL1,00,62,01
268,1000,MOV,3,0,0,(none),00,00,00
269,1000,MOV,3,0,1,(none),00,00,00
270,1000,MOV,3,1,0,(none),00,00,00
271,1000,MOV,3,1,1,(none),00,00,00
272,1000,MOV,4,0,0,(none),00,00,00
273,1000,MOV,4,0,1,(none),00,00,00
274,1000,MOV,4,1,0,(none),00,00,00
275,1000,MOV,4,1,1,(none),00,00,00
276,1000,MOV,5,0,0,(none),00,00,00
277,1000,MOV,5,0,1,(none),00,00,00
278,1000,MOV,5,1,0,(none),00,00,00
279,1000,MOV,5,1,1,(none),00,00,00
280,1000,MOV,6,0,0,(none),00,00,00
281,1000,MOV,6,0,1,(none),00,00,00
282,1000,MOV,6,1,0,(none),00,00,00
283,1000,MOV,6,1,1,(none),00,00,00
284,1000,MOV,7,0,0,(none),00,00,00
285,1000,MOV,7,0,1,(none),00,00,00
286,1000,MOV,7,1,0,(none),00,00,00
287,1000,MOV,7,1,1,(none),00,00,00
288,1001,AND,0,0,0,IROM_OUT+IR_IN+PC_INC,49,00,00
289,1001,AND,0,0,1,IROM_OUT+IR_IN+PC_INC,49,00,00
290,1001,AND,0,1,0,IROM_OUT+IR_IN+PC_INC,49,00,00
291,1001,AND,0,1,1,IROM_OUT+IR_IN+PC_INC,49,00,00
292,1001,AND,1,0,0,REG_OUT+A_IN,00,0C,00
293,1001,AND,1,0,1,REG_OUT+A_IN,00,0C,00
294,1001,AND,1,1,0,REG_OUT+A_IN,00,0C,00
295,1001,AND,1,1,1,REG_OUT+A_IN,00,0C,00
296,1001,AND,2,0,0,RS_SEL+REG_OUT+TEMP_IN,00,15,00
297,1001,AND,2,0,1,RS_SEL+REG_OUT+TEMP_IN,00,15,00
298,1001,AND,2,1,0,RS_SEL+REG_OUT+TEMP_IN,00,15,00
299,1001,AND,2,1,1,RS_SEL+REG_OUT+TEMP_IN,00,15,00
300,1001,AND,3,0,0,EO+REG_IN+FI_ZN+ALU_SEL0,00,22,03
301,1001,AND,3,0,1,EO+REG_IN+FI_ZN+ALU_SEL0,00,22,03
302,1001,AND,3,1,0,EO+REG_IN+FI_ZN+ALU_SEL0,00,22,03
303,1001,AND,3,1,1,EO+REG_IN+FI_ZN+ALU_SEL0,00,22,03
304,1001,AND,4,0,0,(none),00,00,00
305,1001,AND,4,0,1,(none),00,00,00
306,1001,AND,4,1,0,(none),00,00,00
307,1001,AND,4,1,1,(none),00,00,00
308,1001,AND,5,0,0,(none),00,00,00
309,1001,AND,5,0,1,(none),00,00,00
310,1001,AND,5,1,0,(none),00,00,00
311,1001,AND,5,1,1,(none),00,00,00
312,1001,AND,6,0,0,(none),00,00,00
313,1001,AND,6,0,1,(none),00,00,00
314,1001,AND,6,1,0,(none),00,00,00
315,1001,AND,6,1,1,(none),00,00,00
316,1001,AND,7,0,0,(none),00,00,00
317,1001,AND,7,0,1,(none),00,00,00
318,1001,AND,7,1,0,(none),00,00,00
319,1001,AND,7,1,1,(none),00,00,00
320,1010,OR,0,0,0,IROM_OUT+IR_IN+PC_INC,49,00,00
321,1010,OR,0,0,1,IROM_OUT+IR_IN+PC_INC,49,00,00
322,1010,OR,0,1,0,IROM_OUT+IR_IN+PC_INC,49,00,00
323,1010,OR,0,1,1,IROM_OUT+IR_IN+PC_INC,49,00,00
324,1010,OR,1,0,0,REG_OUT+A_IN,00,0C,00
325,1010,OR,1,0,1,REG_OUT+A_IN,00,0C,00
326,1010,OR,1,1,0,REG_OUT+A_IN,00,0C,00
327,1010,OR,1,1,1,REG_OUT+A_IN,00,0C,00
328,1010,OR,2,0,0,RS_SEL+REG_OUT+TEMP_IN,00,15,00
329,1010,OR,2,0,1,RS_SEL+REG_OUT+TEMP_IN,00,15,00
330,1010,OR,2,1,0,RS_SEL+REG_OUT+TEMP_IN,00,15,00
331,1010,OR,2,1,1,RS_SEL+REG_OUT+TEMP_IN,00,15,00
332,1010,OR,3,0,0,EO+REG_IN+FI_ZN+ALU_SEL1,00,42,03
333,1010,OR,3,0,1,EO+REG_IN+FI_ZN+ALU_SEL1,00,42,03
334,1010,OR,3,1,0,EO+REG_IN+FI_ZN+ALU_SEL1,00,42,03
335,1010,OR,3,1,1,EO+REG_IN+FI_ZN+ALU_SEL1,00,42,03
336,1010,OR,4,0,0,(none),00,00,00
337,1010,OR,4,0,1,(none),00,00,00
338,1010,OR,4,1,0,(none),00,00,00
339,1010,OR,4,1,1,(none),00,00,00
340,1010,OR,5,0,0,(none),00,00,00
341,1010,OR,5,0,1,(none),00,00,00
342,1010,OR,5,1,0,(none),00,00,00
343,1010,OR,5,1,1,(none),00,00,00
344,1010,OR,6,0,0,(none),00,00,00
345,1010,OR,6,0,1,(none),00,00,00
346,1010,OR,6,1,0,(none),00,00,00
347,1010,OR,6,1,1,(none),00,00,00
348,1010,OR,7,0,0,(none),00,00,00
349,1010,OR,7,0,1,(none),00,00,00
350,1010,OR,7,1,0,(none),00,00,00
351,1010,OR,7,1,1,(none),00,00,00
352,1011,(reserved),0,0,0,IROM_OUT+IR_IN+PC_INC,49,00,00
353,1011,(reserved),0,0,1,IROM_OUT+IR_IN+PC_INC,49,00,00
354,1011,(reserved),0,1,0,IROM_OUT+IR_IN+PC_INC,49,00,00
355,1011,(reserved),0,1,1,IROM_OUT+IR_IN+PC_INC,49,00,00
356,1011,(reserved),1,0,0,(none),00,00,00
357,1011,(reserved),1,0,1,(none),00,00,00
358,1011,(reserved),1,1,0,(none),00,00,00
359,1011,(reserved),1,1,1,(none),00,00,00
360,1011,(reserved),2,0,0,(none),00,00,00
361,1011,(reserved),2,0,1,(none),00,00,00
362,1011,(reserved),2,1,0,(none),00,00,00
363,1011,(reserved),2,1,1,(none),00,00,00
364,1011,(reserved),3,0,0,(none),00,00,00
365,1011,(reserved),3,0,1,(none),00,00,00
366,1011,(reserved),3,1,0,(none),00,00,00
367,1011,(reserved),3,1,1,(none),00,00,00
368,1011,(reserved),4,0,0,(none),00,00,00
369,1011,(reserved),4,0,1,(none),00,00,00
370,1011,(reserved),4,1,0,(none),00,00,00
371,1011,(reserved),4,1,1,(none),00,00,00
372,1011,(reserved),5,0,0,(none),00,00,00
373,1011,(reserved),5,0,1,(none),00,00,00
374,1011,(reserved),5,1,0,(none),00,00,00
375,1011,(reserved),5,1,1,(none),00,00,00
376,1011,(reserved),6,0,0,(none),00,00,00
377,1011,(reserved),6,0,1,(none),00,00,00
378,1011,(reserved),6,1,0,(none),00,00,00
379,1011,(reserved),6,1,1,(none),00,00,00
380,1011,(reserved),7,0,0,(none),00,00,00
381,1011,(reserved),7,0,1,(none),00,00,00
382,1011,(reserved),7,1,0,(none),00,00,00
383,1011,(reserved),7,1,1,(none),00,00,00
384,1100,(reserved),0,0,0,IROM_OUT+IR_IN+PC_INC,49,00,00
385,1100,(reserved),0,0,1,IROM_OUT+IR_IN+PC_INC,49,00,00
386,1100,(reserved),0,1,0,IROM_OUT+IR_IN+PC_INC,49,00,00
387,1100,(reserved),0,1,1,IROM_OUT+IR_IN+PC_INC,49,00,00
388,1100,(reserved),1,0,0,(none),00,00,00
389,1100,(reserved),1,0,1,(none),00,00,00
390,1100,(reserved),1,1,0,(none),00,00,00
391,1100,(reserved),1,1,1,(none),00,00,00
392,1100,(reserved),2,0,0,(none),00,00,00
393,1100,(reserved),2,0,1,(none),00,00,00
394,1100,(reserved),2,1,0,(none),00,00,00
395,1100,(reserved),2,1,1,(none),00,00,00
396,1100,(reserved),3,0,0,(none),00,00,00
397,1100,(reserved),3,0,1,(none),00,00,00
398,1100,(reserved),3,1,0,(none),00,00,00
399,1100,(reserved),3,1,1,(none),00,00,00
400,1100,(reserved),4,0,0,(none),00,00,00
401,1100,(reserved),4,0,1,(none),00,00,00
402,1100,(reserved),4,1,0,(none),00,00,00
403,1100,(reserved),4,1,1,(none),00,00,00
404,1100,(reserved),5,0,0,(none),00,00,00
405,1100,(reserved),5,0,1,(none),00,00,00
406,1100,(reserved),5,1,0,(none),00,00,00
407,1100,(reserved),5,1,1,(none),00,00,00
408,1100,(reserved),6,0,0,(none),00,00,00
409,1100,(reserved),6,0,1,(none),00,00,00
410,1100,(reserved),6,1,0,(none),00,00,00
411,1100,(reserved),6,1,1,(none),00,00,00
412,1100,(reserved),7,0,0,(none),00,00,00
413,1100,(reserved),7,0,1,(none),00,00,00
414,1100,(reserved),7,1,0,(none),00,00,00
415,1100,(reserved),7,1,1,(none),00,00,00
416,1101,(reserved),0,0,0,IROM_OUT+IR_IN+PC_INC,49,00,00
417,1101,(reserved),0,0,1,IROM_OUT+IR_IN+PC_INC,49,00,00
418,1101,(reserved),0,1,0,IROM_OUT+IR_IN+PC_INC,49,00,00
419,1101,(reserved),0,1,1,IROM_OUT+IR_IN+PC_INC,49,00,00
420,1101,(reserved),1,0,0,(none),00,00,00
421,1101,(reserved),1,0,1,(none),00,00,00
422,1101,(reserved),1,1,0,(none),00,00,00
423,1101,(reserved),1,1,1,(none),00,00,00
424,1101,(reserved),2,0,0,(none),00,00,00
425,1101,(reserved),2,0,1,(none),00,00,00
426,1101,(reserved),2,1,0,(none),00,00,00
427,1101,(reserved),2,1,1,(none),00,00,00
428,1101,(reserved),3,0,0,(none),00,00,00
429,1101,(reserved),3,0,1,(none),00,00,00
430,1101,(reserved),3,1,0,(none),00,00,00
431,1101,(reserved),3,1,1,(none),00,00,00
432,1101,(reserved),4,0,0,(none),00,00,00
433,1101,(reserved),4,0,1,(none),00,00,00
434,1101,(reserved),4,1,0,(none),00,00,00
435,1101,(reserved),4,1,1,(none),00,00,00
436,1101,(reserved),5,0,0,(none),00,00,00
437,1101,(reserved),5,0,1,(none),00,00,00
438,1101,(reserved),5,1,0,(none),00,00,00
439,1101,(reserved),5,1,1,(none),00,00,00
440,1101,(reserved),6,0,0,(none),00,00,00
441,1101,(reserved),6,0,1,(none),00,00,00
442,1101,(reserved),6,1,0,(none),00,00,00
443,1101,(reserved),6,1,1,(none),00,00,00
444,1101,(reserved),7,0,0,(none),00,00,00
445,1101,(reserved),7,0,1,(none),00,00,00
446,1101,(reserved),7,1,0,(none),00,00,00
447,1101,(reserved),7,1,1,(none),00,00,00
448,1110,(reserved),0,0,0,IROM_OUT+IR_IN+PC_INC,49,00,00
449,1110,(reserved),0,0,1,IROM_OUT+IR_IN+PC_INC,49,00,00
450,1110,(reserved),0,1,0,IROM_OUT+IR_IN+PC_INC,49,00,00
451,1110,(reserved),0,1,1,IROM_OUT+IR_IN+PC_INC,49,00,00
452,1110,(reserved),1,0,0,(none),00,00,00
453,1110,(reserved),1,0,1,(none),00,00,00
454,1110,(reserved),1,1,0,(none),00,00,00
455,1110,(reserved),1,1,1,(none),00,00,00
456,1110,(reserved),2,0,0,(none),00,00,00
457,1110,(reserved),2,0,1,(none),00,00,00
458,1110,(reserved),2,1,0,(none),00,00,00
459,1110,(reserved),2,1,1,(none),00,00,00
460,1110,(reserved),3,0,0,(none),00,00,00
461,1110,(reserved),3,0,1,(none),00,00,00
462,1110,(reserved),3,1,0,(none),00,00,00
463,1110,(reserved),3,1,1,(none),00,00,00
464,1110,(reserved),4,0,0,(none),00,00,00
465,1110,(reserved),4,0,1,(none),00,00,00
466,1110,(reserved),4,1,0,(none),00,00,00
467,1110,(reserved),4,1,1,(none),00,00,00
468,1110,(reserved),5,0,0,(none),00,00,00
469,1110,(reserved),5,0,1,(none),00,00,00
470,1110,(reserved),5,1,0,(none),00,00,00
471,1110,(reserved),5,1,1,(none),00,00,00
472,1110,(reserved),6,0,0,(none),00,00,00
473,1110,(reserved),6,0,1,(none),00,00,00
474,1110,(reserved),6,1,0,(none),00,00,00
475,1110,(reserved),6,1,1,(none),00,00,00
476,1110,(reserved),7,0,0,(none),00,00,00
477,1110,(reserved),7,0,1,(none),00,00,00
478,1110,(reserved),7,1,0,(none),00,00,00
479,1110,(reserved),7,1,1,(none),00,00,00
480,1111,HLT,0,0,0,IROM_OUT+IR_IN+PC_INC,49,00,00
481,1111,HLT,0,0,1,IROM_OUT+IR_IN+PC_INC,49,00,00
482,1111,HLT,0,1,0,IROM_OUT+IR_IN+PC_INC,49,00,00
483,1111,HLT,0,1,1,IROM_OUT+IR_IN+PC_INC,49,00,00
484,1111,HLT,1,0,0,HLT,00,00,08
485,1111,HLT,1,0,1,HLT,00,00,08
486,1111,HLT,1,1,0,HLT,00,00,08
487,1111,HLT,1,1,1,HLT,00,00,08
488,1111,HLT,2,0,0,(none),00,00,00
489,1111,HLT,2,0,1,(none),00,00,00
490,1111,HLT,2,1,0,(none),00,00,00
491,1111,HLT,2,1,1,(none),00,00,00
492,1111,HLT,3,0,0,(none),00,00,00
493,1111,HLT,3,0,1,(none),00,00,00
494,1111,HLT,3,1,0,(none),00,00,00
495,1111,HLT,3,1,1,(none),00,00,00
496,1111,HLT,4,0,0,(none),00,00,00
497,1111,HLT,4,0,1,(none),00,00,00
498,1111,HLT,4,1,0,(none),00,00,00
499,1111,HLT,4,1,1,(none),00,00,00
500,1111,HLT,5,0,0,(none),00,00,00
501,1111,HLT,5,0,1,(none),00,00,00
502,1111,HLT,5,1,0,(none),00,00,00
503,1111,HLT,5,1,1,(none),00,00,00
504,1111,HLT,6,0,0,(none),00,00,00
505,1111,HLT,6,0,1,(none),00,00,00
506,1111,HLT,6,1,0,(none),00,00,00
507,1111,HLT,6,1,1,(none),00,00,00
508,1111,HLT,7,0,0,(none),00,00,00
509,1111,HLT,7,0,1,(none),00,00,00
510,1111,HLT,7,1,0,(none),00,00,00
511,1111,HLT,7,1,1,(none),00,00,00
